Campaign,Campaign Type,Campaign Status,Budget,Budget type,Bid Strategy Type,Networks,Languages,Location,Ad Group,Ad Group Status,Max CPC,Keyword,Criterion Type,Final URL,Ad type,Ad status,Path 1,Path 2,Headline 1,Headline 2,Headline 3,Headline 4,Headline 5,Headline 6,Headline 7,Headline 8,Headline 9,Headline 10,Headline 11,Headline 12,Headline 13,Headline 14,Headline 15,Headline 1 position,Headline 2 position,Description 1,Description 2,Description 3,Description 4
Search | Estero IT | Lancio,Search,Paused,6.50,Daily,Maximize clicks,Google search,it,Germany;Switzerland;United Kingdom;France;Belgium;Spain;Netherlands;Luxembourg;Austria,,,,,,,,,,,,,,,,,,,,,,,,,,,,,,,
Search | Estero IT | Lancio,,,,,,,,,,,,lavoro,Campaign Negative Phrase,,,,,,,,,,,,,,,,,,,,,,,,,,
Search | Estero IT | Lancio,,,,,,,,,,,,pensione,Campaign Negative Phrase,,,,,,,,,,,,,,,,,,,,,,,,,,
Search | Estero IT | Lancio,,,,,,,,,,,,inps,Campaign Negative Phrase,,,,,,,,,,,,,,,,,,,,,,,,,,
Search | Estero IT | Lancio,,,,,,,,,,,,iscrizione aire,Campaign Negative Phrase,,,,,,,,,,,,,,,,,,,,,,,,,,
Search | Estero IT | Lancio,,,,,,,,,,,,cittadinanza,Campaign Negative Phrase,,,,,,,,,,,,,,,,,,,,,,,,,,
Search | Estero IT | Lancio,,,,,,,,,,,,passaporto,Campaign Negative Phrase,,,,,,,,,,,,,,,,,,,,,,,,,,
Search | Estero IT | Lancio,,,,,,,,,,,,visto,Campaign Negative Phrase,,,,,,,,,,,,,,,,,,,,,,,,,,
Search | Estero IT | Lancio,,,,,,,,,,,,consolato orari,Campaign Negative Phrase,,,,,,,,,,,,,,,,,,,,,,,,,,
Search | Estero IT | Lancio,,,,,,,,,,,,trasferirsi,Campaign Negative Phrase,,,,,,,,,,,,,,,,,,,,,,,,,,
Search | Estero IT | Lancio,,,,,,,,,,,,residenza fiscale,Campaign Negative Phrase,,,,,,,,,,,,,,,,,,,,,,,,,,
Search | Estero IT | Lancio,,,,,,,,,,,,tasse redditi estero,Campaign Negative Phrase,,,,,,,,,,,,,,,,,,,,,,,,,,
Search | Estero IT | Lancio,,,,,,,,,,,,notaio,Campaign Negative Phrase,,,,,,,,,,,,,,,,,,,,,,,,,,
Search | Estero IT | Lancio,,,,,,,,,,,,avvocato,Campaign Negative Phrase,,,,,,,,,,,,,,,,,,,,,,,,,,
Search | Estero IT | Lancio,,,,,,,,,,,,gratis,Campaign Negative Phrase,,,,,,,,,,,,,,,,,,,,,,,,,,
Search | Estero IT | Lancio,,,,,,,,,,,,modulo,Campaign Negative Phrase,,,,,,,,,,,,,,,,,,,,,,,,,,
Search | Estero IT | Lancio,,,,,,,,,,,,fac simile,Campaign Negative Phrase,,,,,,,,,,,,,,,,,,,,,,,,,,
Search | Estero IT | Lancio,,,,,,,,,,,,precompilata,Campaign Negative Phrase,,,,,,,,,,,,,,,,,,,,,,,,,,
Search | Estero IT | Lancio,,,,,,,,,,,,agenzia entrate login,Campaign Negative Phrase,,,,,,,,,,,,,,,,,,,,,,,,,,
Search | Estero IT | Lancio,,,,,,,,,,,,successione ereditaria legge,Campaign Negative Phrase,,,,,,,,,,,,,,,,,,,,,,,,,,
Search | Estero IT | Lancio,,,,,,,,,,,,quote ereditarie,Campaign Negative Phrase,,,,,,,,,,,,,,,,,,,,,,,,,,
Search | Estero IT | Lancio,,,,,,,,,,,,testamento come fare,Campaign Negative Phrase,,,,,,,,,,,,,,,,,,,,,,,,,,
Search | Estero IT | Lancio,,,,,,,,,A - Successione dall'estero,Enabled,2.50,,,,,,,,,,,,,,,,,,,,,,,,,,,,
Search | Estero IT | Lancio,,,,,,,,,A - Successione dall'estero,,,successione in italia dall'estero,Phrase,https://www.successioniarmellin.it/guide/eredi-estero?utm_source=google&utm_medium=cpc&utm_campaign=estero_it,,,,,,,,,,,,,,,,,,,,,,,,,
Search | Estero IT | Lancio,,,,,,,,,A - Successione dall'estero,,,dichiarazione di successione dall'estero,Phrase,https://www.successioniarmellin.it/guide/eredi-estero?utm_source=google&utm_medium=cpc&utm_campaign=estero_it,,,,,,,,,,,,,,,,,,,,,,,,,
Search | Estero IT | Lancio,,,,,,,,,A - Successione dall'estero,,,successione eredi all'estero,Phrase,https://www.successioniarmellin.it/guide/eredi-estero?utm_source=google&utm_medium=cpc&utm_campaign=estero_it,,,,,,,,,,,,,,,,,,,,,,,,,
Search | Estero IT | Lancio,,,,,,,,,A - Successione dall'estero,,,erede residente all'estero successione,Phrase,https://www.successioniarmellin.it/guide/eredi-estero?utm_source=google&utm_medium=cpc&utm_campaign=estero_it,,,,,,,,,,,,,,,,,,,,,,,,,
Search | Estero IT | Lancio,,,,,,,,,A - Successione dall'estero,,,successione italiana residente all'estero,Phrase,https://www.successioniarmellin.it/guide/eredi-estero?utm_source=google&utm_medium=cpc&utm_campaign=estero_it,,,,,,,,,,,,,,,,,,,,,,,,,
Search | Estero IT | Lancio,,,,,,,,,A - Successione dall'estero,,,successione per italiani all'estero,Phrase,https://www.successioniarmellin.it/guide/eredi-estero?utm_source=google&utm_medium=cpc&utm_campaign=estero_it,,,,,,,,,,,,,,,,,,,,,,,,,
Search | Estero IT | Lancio,,,,,,,,,A - Successione dall'estero,,,successione dall'estero,Exact,https://www.successioniarmellin.it/guide/eredi-estero?utm_source=google&utm_medium=cpc&utm_campaign=estero_it,,,,,,,,,,,,,,,,,,,,,,,,,
Search | Estero IT | Lancio,,,,,,,,,A - Successione dall'estero,,,dichiarazione di successione residente all'estero,Exact,https://www.successioniarmellin.it/guide/eredi-estero?utm_source=google&utm_medium=cpc&utm_campaign=estero_it,,,,,,,,,,,,,,,,,,,,,,,,,
Search | Estero IT | Lancio,,,,,,,,,A - Successione dall'estero,,,,,https://www.successioniarmellin.it/guide/eredi-estero?utm_source=google&utm_medium=cpc&utm_campaign=estero_it,Responsive search ad,Enabled,estero,online,Successione dall'Estero? Noi,"Tutto Online, Senza Rientrare","Eredi Fuori Italia, Ok",Successione Italia dall'Estero,Per Italiani all'Estero,"Geometra, Prezzo Chiaro",Codice Fiscale con Delega,Imposte Senza Conto Italiano,Preventivo Online in 2 Minuti,Risposta su WhatsApp,"Firma a Distanza, Zero Viaggi",Voltura Catastale Inclusa,Documenti da Foto col Telefono,-20% Lancio Fino al 25/9,,1,2,"Successione per chi vive all'estero: tutto a distanza, con un geometra abilitato vero.","Codice fiscale con delega, documenti da foto, imposte pagabili tramite lo studio.","Onorario tutto incluso, imposte a parte comunicate prima. Nessun professionista da pagare.","Scrivi su WhatsApp: risponde Lorenzo in persona. Eredi in Germania, Svizzera, UK e oltre."
Search | Estero IT | Lancio,,,,,,,,,B - Casa ereditata in Italia,Enabled,2.50,,,,,,,,,,,,,,,,,,,,,,,,,,,,
Search | Estero IT | Lancio,,,,,,,,,B - Casa ereditata in Italia,,,casa ereditata in italia vivo all'estero,Phrase,https://www.successioniarmellin.it/guide/eredi-estero?utm_source=google&utm_medium=cpc&utm_campaign=estero_it,,,,,,,,,,,,,,,,,,,,,,,,,
Search | Estero IT | Lancio,,,,,,,,,B - Casa ereditata in Italia,,,ereditare casa in italia dall'estero,Phrase,https://www.successioniarmellin.it/guide/eredi-estero?utm_source=google&utm_medium=cpc&utm_campaign=estero_it,,,,,,,,,,,,,,,,,,,,,,,,,
Search | Estero IT | Lancio,,,,,,,,,B - Casa ereditata in Italia,,,successione immobile in italia dall'estero,Phrase,https://www.successioniarmellin.it/guide/eredi-estero?utm_source=google&utm_medium=cpc&utm_campaign=estero_it,,,,,,,,,,,,,,,,,,,,,,,,,
Search | Estero IT | Lancio,,,,,,,,,B - Casa ereditata in Italia,,,eredità in italia residente all'estero,Phrase,https://www.successioniarmellin.it/guide/eredi-estero?utm_source=google&utm_medium=cpc&utm_campaign=estero_it,,,,,,,,,,,,,,,,,,,,,,,,,
Search | Estero IT | Lancio,,,,,,,,,B - Casa ereditata in Italia,,,genitore morto in italia successione dall'estero,Phrase,https://www.successioniarmellin.it/guide/eredi-estero?utm_source=google&utm_medium=cpc&utm_campaign=estero_it,,,,,,,,,,,,,,,,,,,,,,,,,
Search | Estero IT | Lancio,,,,,,,,,B - Casa ereditata in Italia,,,eredità casa in italia dall'estero,Exact,https://www.successioniarmellin.it/guide/eredi-estero?utm_source=google&utm_medium=cpc&utm_campaign=estero_it,,,,,,,,,,,,,,,,,,,,,,,,,
Search | Estero IT | Lancio,,,,,,,,,B - Casa ereditata in Italia,,,,,https://www.successioniarmellin.it/guide/eredi-estero?utm_source=google&utm_medium=cpc&utm_campaign=estero_it,Responsive search ad,Enabled,estero,online,Casa Ereditata in Italia?,"Tutto Online, Senza Rientrare",Vivi all'Estero? Facciamo Noi,Successione Italia dall'Estero,Per Italiani all'Estero,"Geometra, Prezzo Chiaro",Codice Fiscale con Delega,Imposte Senza Conto Italiano,Preventivo Online in 2 Minuti,Risposta su WhatsApp,"Firma a Distanza, Zero Viaggi",Voltura Catastale Inclusa,Documenti da Foto col Telefono,-20% Lancio Fino al 25/9,,1,2,"Successione per chi vive all'estero: tutto a distanza, con un geometra abilitato vero.","Codice fiscale con delega, documenti da foto, imposte pagabili tramite lo studio.","Onorario tutto incluso, imposte a parte comunicate prima. Nessun professionista da pagare.","Scrivi su WhatsApp: risponde Lorenzo in persona. Eredi in Germania, Svizzera, UK e oltre."
Search | Estero IT | Lancio,,,,,,,,,"C - Defunto all'estero, beni in Italia",Enabled,2.50,,,,,,,,,,,,,,,,,,,,,,,,,,,,
Search | Estero IT | Lancio,,,,,,,,,"C - Defunto all'estero, beni in Italia",,,defunto residente all'estero successione italia,Phrase,https://www.successioniarmellin.it/guide/eredi-estero?utm_source=google&utm_medium=cpc&utm_campaign=estero_it,,,,,,,,,,,,,,,,,,,,,,,,,
Search | Estero IT | Lancio,,,,,,,,,"C - Defunto all'estero, beni in Italia",,,successione genitore morto all'estero casa in italia,Phrase,https://www.successioniarmellin.it/guide/eredi-estero?utm_source=google&utm_medium=cpc&utm_campaign=estero_it,,,,,,,,,,,,,,,,,,,,,,,,,
Search | Estero IT | Lancio,,,,,,,,,"C - Defunto all'estero, beni in Italia",,,successione beni in italia defunto estero,Phrase,https://www.successioniarmellin.it/guide/eredi-estero?utm_source=google&utm_medium=cpc&utm_campaign=estero_it,,,,,,,,,,,,,,,,,,,,,,,,,
Search | Estero IT | Lancio,,,,,,,,,"C - Defunto all'estero, beni in Italia",,,morto all'estero successione in italia,Phrase,https://www.successioniarmellin.it/guide/eredi-estero?utm_source=google&utm_medium=cpc&utm_campaign=estero_it,,,,,,,,,,,,,,,,,,,,,,,,,
Search | Estero IT | Lancio,,,,,,,,,"C - Defunto all'estero, beni in Italia",,,,,https://www.successioniarmellin.it/guide/eredi-estero?utm_source=google&utm_medium=cpc&utm_campaign=estero_it,Responsive search ad,Enabled,estero,online,Genitore Morto all'Estero?,"Tutto Online, Senza Rientrare","Beni in Italia, Eredi Fuori",Successione Italia dall'Estero,Per Italiani all'Estero,"Geometra, Prezzo Chiaro",Codice Fiscale con Delega,Imposte Senza Conto Italiano,Preventivo Online in 2 Minuti,Risposta su WhatsApp,"Firma a Distanza, Zero Viaggi",Voltura Catastale Inclusa,Documenti da Foto col Telefono,-20% Lancio Fino al 25/9,,1,2,"Successione per chi vive all'estero: tutto a distanza, con un geometra abilitato vero.","Codice fiscale con delega, documenti da foto, imposte pagabili tramite lo studio.","Onorario tutto incluso, imposte a parte comunicate prima. Nessun professionista da pagare.","Scrivi su WhatsApp: risponde Lorenzo in persona. Eredi in Germania, Svizzera, UK e oltre."
Search | Estero IT | Lancio,,,,,,,,,D - Codice fiscale e imposte,Enabled,2.50,,,,,,,,,,,,,,,,,,,,,,,,,,,,
Search | Estero IT | Lancio,,,,,,,,,D - Codice fiscale e imposte,,,codice fiscale erede all'estero successione,Phrase,https://www.successioniarmellin.it/guide/codice-fiscale-erede-estero?utm_source=google&utm_medium=cpc&utm_campaign=estero_it,,,,,,,,,,,,,,,,,,,,,,,,,
Search | Estero IT | Lancio,,,,,,,,,D - Codice fiscale e imposte,,,codice fiscale per successione residente estero,Phrase,https://www.successioniarmellin.it/guide/codice-fiscale-erede-estero?utm_source=google&utm_medium=cpc&utm_campaign=estero_it,,,,,,,,,,,,,,,,,,,,,,,,,
Search | Estero IT | Lancio,,,,,,,,,D - Codice fiscale e imposte,,,pagare imposte successione dall'estero,Phrase,https://www.successioniarmellin.it/guide/pagare-imposte-successione-dall-estero?utm_source=google&utm_medium=cpc&utm_campaign=estero_it,,,,,,,,,,,,,,,,,,,,,,,,,
Search | Estero IT | Lancio,,,,,,,,,D - Codice fiscale e imposte,,,successione senza conto corrente italiano,Phrase,https://www.successioniarmellin.it/guide/pagare-imposte-successione-dall-estero?utm_source=google&utm_medium=cpc&utm_campaign=estero_it,,,,,,,,,,,,,,,,,,,,,,,,,
Search | Estero IT | Lancio,,,,,,,,,D - Codice fiscale e imposte,,,,,https://www.successioniarmellin.it/guide/codice-fiscale-erede-estero?utm_source=google&utm_medium=cpc&utm_campaign=estero_it,Responsive search ad,Enabled,estero,online,Codice Fiscale Erede Estero,"Tutto Online, Senza Rientrare",Paghi le Imposte Tramite Noi,Successione Italia dall'Estero,Per Italiani all'Estero,"Geometra, Prezzo Chiaro",Codice Fiscale con Delega,Imposte Senza Conto Italiano,Preventivo Online in 2 Minuti,Risposta su WhatsApp,"Firma a Distanza, Zero Viaggi",Voltura Catastale Inclusa,Documenti da Foto col Telefono,-20% Lancio Fino al 25/9,,1,2,"Successione per chi vive all'estero: tutto a distanza, con un geometra abilitato vero.","Codice fiscale con delega, documenti da foto, imposte pagabili tramite lo studio.","Onorario tutto incluso, imposte a parte comunicate prima. Nessun professionista da pagare.","Scrivi su WhatsApp: risponde Lorenzo in persona. Eredi in Germania, Svizzera, UK e oltre."
